id,name,region_name,income_group,SP.DYN.LE00.IN,NY.GDP.PCAP.CD,SP.DYN.IMRT.IN,SH.XPD.CHEX.GD.ZS,EG.ELC.ACCS.ZS,IT.NET.USER.ZS,SP.URB.TOTL.IN.ZS,SL.UEM.TOTL.ZS,SP.POP.TOTL,SH.H2O.BASW.ZS,SP.DYN.TFRT.IN,NY.GDP.MKTP.KD.ZG,log_GDP_PC,log_POP
ABW,Aruba,Latin America & Caribbean ,High income,75.83966666666667,29725.561744789535,,,100.0,97.17,62.53396295803183,,108948.66666666667,,1.7393333333333334,2.6450150203557232,10.299796259953066,11.598641280860667
AFG,Afghanistan,"Middle East, North Africa, Afghanistan & Pakistan",Low income,62.596666666666664,504.469832177574,58.333333333333336,13.886851946666667,96.26666666666667,15.96666654,24.992724175669334,11.187666666666667,36762698.333333336,67.48023438856093,5.332666666666667,2.582611582815263,6.225488357505714,17.419994284021687
AGO,Angola,Sub-Saharan Africa ,Lower middle income,62.598333333333336,2743.9494584763365,36.06666666666667,2.313586713333333,44.6,29.043132783333334,65.87401616633242,16.572,31302542.0,63.09873799552096,5.520333333333333,-0.575540115173534,7.9175179415614965,17.259209898216493
ALB,Albania,Europe & Central Asia,Upper middle income,79.20166666666667,5657.817895572533,7.833333333333333,6.62419478,99.96666666666665,65.45013139393353,56.37372793838784,12.461999999999998,2607939.6666666665,94.43223742955614,1.4320000000000002,3.00572437201701,8.64097029701219,14.774071451258637
AND,Andorra,Europe & Central Asia,High income,84.233,41583.52450058,3.0,7.257259846666667,100.0,91.92872120579754,88.51499425608323,,75133.0,100.0,1.0756666666666665,1.316795006192305,10.635483369839916,11.2270284649948
ARE,United Arab Emirates,"Middle East, North Africa, Afghanistan & Pakistan",High income,82.47766666666666,45602.52684620157,5.3,4.170001506666666,100.0,97.4733074253961,84.85889421331366,2.343,9338570.333333334,99.99191988566163,1.2950000000000002,0.5823754669508233,10.727740335630108,16.04966383633524
ARG,Argentina,Latin America & Caribbean ,Upper middle income,76.72,12080.42520331776,9.133333333333333,10.184194883333333,100.0,77.31395296685027,91.76746047585414,9.136666666666667,44639080.333333336,,2.039,-0.5999181626396833,9.399424444936765,17.61412029637515
ARM,Armenia,Europe & Central Asia,Upper middle income,75.68617886178863,4220.76274523023,11.199999999999998,10.582646053333333,99.86666666666667,66.51129542423854,64.85582719865913,18.32466666666667,2970300.0,99.44742338424403,1.6000000000000003,6.766666666611286,8.348008031952494,14.90417385244499
ASM,American Samoa,East Asia & Pacific,High income,72.782,12433.958194621468,,,,,83.47375101784807,,50901.0,99.27189291452339,2.498666666666667,-1.6014213289718426,9.428266994319628,10.83765749449752
ATG,Antigua and Barbuda,Latin America & Caribbean ,High income,77.11,18045.17602636587,8.133333333333333,4.542284966666666,100.0,70.81823221666667,24.778835705702832,,90919.33333333333,98.7649032299496,1.4413333333333334,4.198984462909077,9.800689086821727,11.417738944186478
AUS,Australia,East Asia & Pacific,High income,82.71626016260164,55574.1599876509,3.2000000000000006,10.150698346666667,100.0,90.0543839592256,87.21894184596103,5.359999999999999,24963557.333333332,99.96989341315994,1.7126666666666666,2.45383257771712,10.9254916175984,17.03292765273621
AUT,Austria,Europe & Central Asia,High income,81.7439024390244,49414.60409905483,2.9333333333333336,10.57078266,100.0,87.72230953295623,68.10913426769824,5.018,8839335.666666666,99.99999927569644,1.4833333333333334,2.1704824192250634,10.808021525749316,15.994722394090966
AZE,Azerbaijan,Europe & Central Asia,Upper middle income,73.0,4564.24872410739,17.533333333333335,4.03082204,100.0,79.96666485131477,57.24938712521976,4.966666666666667,9939362.333333334,92.27562598375476,1.7633333333333334,1.3779417084247625,8.426228276562863,16.112013525608905
BDI,Burundi,Sub-Saharan Africa ,Low income,61.776999999999994,242.01100665114768,37.03333333333333,7.768557229999999,9.533333333333333,4.2508160449178005,17.697442581118466,1.1466666666666667,11873848.0,63.0039853729022,5.377333333333333,4.544481442023254,5.493106737175458,16.289848976871532
BEL,Belgium,Europe & Central Asia,High income,81.69430894308944,46079.71890730243,3.2999999999999994,10.930846213333334,100.0,88.86748394162329,86.88589400688886,6.131666666666667,11430397.333333334,99.99999883041727,1.6233333333333333,1.9317753780730333,10.738149896535019,16.251786884974194
BEN,Benin,Sub-Saharan Africa ,Lower middle income,59.708666666666666,1112.51213480443,53.1,3.370820203333333,37.833333333333336,19.400333149999998,48.000703491553395,1.4436666666666664,12383294.0,67.6480643392953,5.028666666666667,6.411500733932223,7.015274384531557,16.331858944896595
BFA,Burkina Faso,Sub-Saharan Africa ,Low income,59.91133333333334,750.470077394563,51.666666666666664,5.471680006666666,16.333333333333332,8.520368817177287,26.059645840720368,4.616666666666667,20431549.0,51.0149372842511,4.924,6.232421150007813,6.622031391227401,16.832590832736273
BGD,Bangladesh,South Asia,Lower middle income,72.11766666666666,1968.7083045157299,26.3,2.2701835666666668,89.03333333333335,25.816066743333334,30.513995024492335,4.4383333333333335,163540768.33333334,97.93236834814746,2.1926666666666668,7.26385925975305,7.58564074199503,18.912572870938803
BGR,Bulgaria,Europe & Central Asia,High income,74.96341463414637,9633.757158212376,5.8,7.31841469,98.66666666666667,65.3796976722443,73.568967183431,5.174333333333333,6710330.666666667,99.29264153520784,1.7433333333333334,2.9564658551687035,9.173132376401348,15.719158936439669
BHR,Bahrain,"Middle East, North Africa, Afghanistan & Pakistan",High income,80.43,26122.9732887831,6.3999999999999995,4.00997551,100.0,98.07477090503723,100.0,1.195,1495987.6666666667,99.9237756589351,1.9126666666666665,3.01976724507391,10.170608688543963,14.218297861730287
BHS,"Bahamas, The",Latin America & Caribbean ,High income,73.167,32719.386827144965,13.366666666666667,6.049128213333333,100.0,84.76443227,81.95715467438323,9.712000000000002,392625.6666666667,98.9452612148878,1.4083333333333332,1.643589360897059,10.395753612992307,12.88061448176455
BIH,Bosnia and Herzegovina,Europe & Central Asia,Upper middle income,77.57366666666667,5838.414091087393,5.966666666666666,8.83480708,100.0,68.31950106135113,48.97627067050346,18.206333333333333,3387071.6666666665,96.1477381230279,1.4773333333333334,3.31965178913212,8.672385743920598,15.035476586151004
BLR,Belarus,Europe & Central Asia,Upper middle income,74.17723577235773,6327.785272706763,2.6,5.716027103333334,99.33333333333333,78.78516139887479,77.22972329922602,4.858666666666667,9439177.333333334,99.08818495409737,1.4569999999999999,2.3759455198383668,8.752863596676727,16.06037949337295
BLZ,Belize,Latin America & Caribbean ,Upper middle income,72.32033333333334,6085.153128321544,11.733333333333334,4.73122263,92.86666666666667,53.74530156666666,43.16457305718766,8.331666666666667,379752.3333333333,93.87471226851619,2.284333333333333,1.0818061340784626,8.713771490889904,12.847277198124125
BMU,Bermuda,North America,High income,80.97433333333333,113780.76282380834,,,100.0,98.37,100.0,,63838.666666666664,100.0,1.3920000000000001,1.1619083326541688,11.642037531450644,11.06413001072326
BOL,Bolivia,Latin America & Caribbean ,Lower middle income,67.685,4152.80380654079,19.599999999999998,6.660706363333333,93.23333333333333,45.197753198199166,69.41022942657072,3.6186666666666665,11508113.666666666,90.77861672560697,2.731666666666667,2.8566704694876797,8.331779773311247,16.258562967686892
BRA,Brazil,Latin America & Caribbean ,Upper middle income,75.60833333333333,9470.334732657806,13.1,9.51683076,99.76666666666667,70.6060023258085,86.4400536200153,12.352333333333334,206088721.66666666,98.5096756791337,1.7296666666666667,1.4424378797621367,9.156025119507037,19.143817326589073
BRB,Barbados,Latin America & Caribbean ,High income,76.37,21392.805127152165,10.9,5.835732776666667,100.0,70.72736613,59.27118641512053,8.450333333333333,280696.3333333333,98.92479416162627,1.7196666666666667,0.214556688727067,9.97085667906289,12.545032262245472
BRN,Brunei Darussalam,East Asia & Pacific,High income,74.99466666666667,29813.024850133563,9.066666666666666,2.3057483833333334,100.0,94.95556640666666,74.81907413843203,8.205333333333334,437754.0,99.90006699552936,1.8493333333333333,1.7499806714006245,10.302734194335548,12.989414672127413
BTN,Bhutan,South Asia,Lower middle income,71.70966666666666,3470.7906969383566,19.099999999999998,3.1854098633333336,99.23333333333333,64.00056584666667,38.468475372571234,3.0323333333333338,759639.3333333334,98.414797563833,1.5286666666666668,3.781288532374367,8.152425790823266,13.540600354632431
BWA,Botswana,Sub-Saharan Africa ,Upper middle income,66.31933333333333,7228.3376590328035,38.699999999999996,6.263968469999999,68.60000000000001,46.17476654,66.1435768997361,19.81,2299323.6666666665,90.63528234116906,2.9386666666666663,3.77828144352992,8.885902700864069,14.648126014595244
CAF,Central African Republic,Sub-Saharan Africa ,Low income,43.01933333333333,445.59881871541205,97.06666666666668,8.473690506666665,14.333333333333334,5.536400000333333,41.2925513347424,5.859000000000001,4872290.333333333,39.22954306793776,6.108333333333333,3.80557393540564,6.101660694340786,15.399074884066284
CAN,Canada,North America,High income,81.92333333333336,46007.30694643853,4.5,10.965022403333334,100.0,93.08476786333334,81.56276531756068,5.984333333333333,37078730.0,98.63096836732247,1.51,2.56174342376963,10.736577244959722,17.428554074775327
CHE,Switzerland,Europe & Central Asia,High income,83.73658536585367,85495.1856903942,3.5666666666666664,11.333172163333332,100.0,91.54407922484673,79.32804608789719,4.634666666666667,8513816.333333334,99.99999873306596,1.5066666666666666,1.9543668517674266,11.35622704212146,15.957200970281411
CHI,Channel Islands,Europe & Central Asia,High income,81.10000000000001,59051.93245494237,,,100.0,,32.80715407934927,6.47,164969.0,,1.3766666666666667,1.5006936137503566,10.986189480933403,12.01351891816997
CHL,Chile,Latin America & Caribbean ,High income,80.49766666666666,15012.1080181059,6.266666666666667,9.183535576666666,99.89999999999999,84.08169649128213,87.96314917112757,7.457666666666667,18883267.666666668,98.45636968650898,1.5119999999999998,1.9973160846570874,9.61667896635784,16.75378683222769
CHN,China,East Asia & Pacific,Upper middle income,77.628,9802.747098137987,6.466666666666666,5.10133505,100.0,61.24642657917167,61.48346074422199,4.446666666666666,1402240000.0,93.05955728249937,1.61,6.572141124007543,9.190519948531728,21.061336795644465
CIV,Cote d'Ivoire,Sub-Saharan Africa ,Lower middle income,59.79466666666667,2078.97795296534,53.5,3.17592557,67.1,39.22513718237874,50.87368623939934,2.8416666666666663,27463518.0,75.30834511385824,4.625333333333333,6.325093386888867,7.640112573103294,17.12836910013
CMR,Cameroon,Sub-Saharan Africa ,Lower middle income,61.233666666666664,1554.0041794624533,48.166666666666664,3.688073393333333,62.1,29.814057521621535,53.63143099671627,3.6043333333333334,24813693.0,68.26200585839176,4.7316666666666665,3.6572502567101233,7.3492335123669275,17.02690623616071
COD,"Congo, Dem. Rep.",Sub-Saharan Africa ,Low income,59.88766666666667,484.408792475673,55.9,3.58329622,18.599999999999998,12.364850045,42.49404231568837,4.616666666666667,90026161.33333333,35.85356273834327,6.301333333333333,3.6227611579247196,6.184991407004988,18.315610878644225
COG,"Congo, Rep.",Sub-Saharan Africa ,Lower middle income,63.94233333333333,2464.8306326371335,32.86666666666667,2.1561075866666664,46.96666666666667,12.191166563000001,63.43851663152609,20.69033333333333,5483596.666666667,72.90205394611364,4.439333333333334,-2.2582058668828666,7.810284000358801,15.517271952032571
COL,Colombia,Latin America & Caribbean ,Upper middle income,76.59666666666668,6589.6819817555925,12.700000000000001,7.743488790000001,98.8,63.797719284226424,77.3215178940988,9.575333333333333,49021176.0,95.84894869572622,1.7140000000000002,2.3701801810399434,8.793412109510177,17.707762946383905
COM,Comoros,Sub-Saharan Africa ,Lower middle income,65.39666666666666,1494.6333299052133,40.56666666666666,5.1172350233333335,81.0,12.4310002345,31.411926298445835,3.983333333333334,771612.3333333334,85.69122020259304,4.207999999999999,3.07299808595935,7.310305028161688,13.556238839975004
CPV,Cabo Verde,Sub-Saharan Africa ,Upper middle income,74.99966666666667,4189.61399583121,14.133333333333333,4.69683488,90.06666666666666,59.53518136926596,70.40750073636558,12.177666666666667,513470.6666666667,87.07239429060171,1.8106666666666669,5.068701911308136,8.34060254056502,13.148950129937829
CRI,Costa Rica,Latin America & Caribbean ,High income,80.12666666666667,12629.656617444432,7.8,7.184118746666666,99.66666666666667,75.4213298333399,76.55064758137463,9.182,4956849.333333333,99.66450397366305,1.6733333333333331,3.2395659579524003,9.44388220270611,15.41628108355382
CUB,Cuba,Latin America & Caribbean ,Upper middle income,77.37966666666667,8918.110505131126,5.233333333333333,11.191817283333334,99.60000000000001,62.599378865551365,77.01626078287761,1.7016666666666669,11225931.0,94.01767420629567,1.5773333333333335,1.298217696442762,9.095951501446066,16.23373701709911
CUW,Curacao,Latin America & Caribbean ,High income,76.46933333333334,19092.685045656468,,,100.0,68.1272162511339,91.35989785695277,,158984.0,100.0,1.5999999999999999,-2.19548391178047,9.857112933484073,11.976565137129464
CYM,Cayman Islands,Latin America & Caribbean ,High income,78.834,84057.92932507063,,,100.0,81.0676932508161,100.0,,65934.33333333333,95.648773006135,1.3356666666666666,3.78898290611193,11.33927337144576,11.096429742712957
CYP,Cyprus,Europe & Central Asia,High income,81.51766666666667,28198.33984375,2.3333333333333335,6.801606493333334,100.0,83.74680048417146,66.82801127124164,8.938,1270561.0,99.76188283194074,1.324,5.966030599991787,10.247053846856092,14.054969880236854
CZE,Czechia,Europe & Central Asia,High income,79.07886178861787,22893.949871558736,2.5,7.36706209,100.0,80.09142826957806,72.84990082093533,2.3846666666666665,10632078.666666666,98.73140659593155,1.7033333333333331,3.8565492545466937,10.038671635595842,16.179386372449727
DEU,Germany,Europe & Central Asia,High income,81.05934959349597,47375.434183498764,3.1666666666666665,11.22092438,100.0,86.52192756770567,81.14398573106367,3.4426666666666663,82885248.66666667,99.9999998192399,1.5599999999999998,1.6371124878627576,10.765880214929123,18.232967675042232
DJI,Djibouti,"Middle East, North Africa, Afghanistan & Pakistan",Lower middle income,64.06533333333333,2724.73587429168,51.76666666666667,2.47470204,62.43333333333334,57.07310275179873,71.52514028933301,26.167,1071810.6666666667,78.27017628833529,2.857333333333333,5.259170559397903,7.9104937162532165,13.884860921099026
DMA,Dominica,Latin America & Caribbean ,Upper middle income,70.43433333333333,8977.03582196746,29.666666666666668,5.605484486666666,99.46666666666665,71.50085067500001,71.03835534445044,,68183.33333333333,96.3589989433501,1.5203333333333333,-0.2107518549605564,9.102536409305788,11.129970100922634
DNK,Denmark,Europe & Central Asia,High income,81.16910569105693,59416.86144285044,3.3666666666666667,10.146706263333334,100.0,97.48833375760573,88.1106065640289,5.327333333333333,5791012.666666667,99.99999919104296,1.7266666666666666,2.209295222882213,10.992350157841331,15.571817906189025
DOM,Dominican Republic,Latin America & Caribbean ,Upper middle income,73.34566666666667,7826.238055856103,31.066666666666666,4.3437902133333335,99.3,74.0362645225007,73.74202609732136,6.016333333333333,10780979.666666666,96.53845127217363,2.387,5.30846942702525,8.965364988042218,16.19329409024135
DZA,Algeria,"Middle East, North Africa, Afghanistan & Pakistan",Upper middle income,75.556,4533.44375007325,21.0,5.766055903333334,99.53333333333335,50.840089386442365,71.90349907560854,12.138,42496293.333333336,91.8581863820926,3.0353333333333334,1.2666666663526094,8.419457697931037,17.564927437936326
ECU,Ecuador,Latin America & Caribbean ,Upper middle income,76.918,6247.432989009406,11.933333333333332,7.722424186666667,99.0,57.49999974666667,63.04183361231279,3.7259999999999995,17049695.666666668,90.93475972946953,2.0913333333333335,2.393365960314927,8.740085989535997,16.651642970724204
EGY,"Egypt, Arab Rep.","Middle East, North Africa, Afghanistan & Pakistan",Lower middle income,70.96533333333333,2614.265136510007,23.133333333333336,4.898338636666666,100.0,49.71913580407507,42.46250711565987,9.824333333333334,105643769.66666667,97.71101001959177,3.0666666666666664,5.021474229776463,7.869120761994142,18.475583338306627
ERI,Eritrea,Sub-Saharan Africa ,Low income,66.96566666666666,,29.599999999999998,4.349716026666666,49.13333333333333,6.337633293333333,35.34101740519207,5.790666666666667,3194433.6666666665,,4.055,,,14.976920686997165
ESP,Spain,Europe & Central Asia,High income,83.51544715447157,29590.09613890087,2.6666666666666665,9.102789880000001,100.0,87.14271551752613,79.55310173357837,15.527666666666667,46823914.666666664,99.92605707970768,1.2666666666666666,2.4175439439519866,10.295228788942703,17.661904648880896
EST,Estonia,Europe & Central Asia,High income,78.3276422764228,22830.302872158267,2.033333333333333,6.559046906666667,100.0,89.22946428285145,69.28409575024817,5.2443333333333335,1322086.3333333333,99.94857348429406,1.64,4.353673161975337,10.03588780632118,14.094722358734748
ETH,Ethiopia,Sub-Saharan Africa ,Low income,65.25466666666667,743.1745661890994,42.36666666666667,3.3333193433333332,45.699999999999996,15.831733386666668,20.780321756998667,2.8013333333333335,112689338.66666667,46.626239736758635,4.373,8.248141058075474,6.612275639285911,18.54014538417817
FIN,Finland,Europe & Central Asia,High income,81.7829268292683,48032.48265160221,1.8999999999999997,9.17343553,100.0,88.65542472819929,72.34725734705377,7.565333333333334,5515115.0,99.99999886491564,1.4166666666666667,1.9486953635835598,10.779653601953163,15.523003243993415
FJI,Fiji,East Asia & Pacific,Upper middle income,67.01133333333333,5918.113795074337,19.0,3.8583048966666667,95.73333333333333,58.36723327333334,56.227854868700234,4.534,916946.0,95.34829598252179,2.4216666666666664,2.8612562329860034,8.685942019894387,13.728804952403614
FRA,France,Europe & Central Asia,High income,82.6926829268293,40171.20804889197,3.2999999999999994,11.309501646666666,100.0,81.96179686329913,78.66910070374409,8.947333333333333,67152809.66666667,99.99999998410142,1.8733333333333333,1.9189900160417432,10.600930693452622,18.022481336597643
FRO,Faroe Islands,Europe & Central Asia,High income,82.24872601626016,61661.508058147,,,100.0,97.5819589384468,38.3776397705078,,50988.666666666664,100.0,2.4628666666666668,3.6047444947735365,11.029431376223469,10.839378276798312
FSM,"Micronesia, Fed. Sts.",East Asia & Pacific,Upper middle income,65.96666666666665,3487.9621405863104,24.46666666666667,12.073556583333334,78.3,36.63080088666667,22.345543000722103,,109890.66666666667,89.8819541513315,2.920666666666667,2.041639186025808,8.15735959004917,11.60725031100779
GAB,Gabon,Sub-Saharan Africa ,Upper middle income,67.06533333333334,7329.063300653813,31.066666666666666,2.767136733333333,88.73333333333333,55.51423390666667,89.45271778030519,20.379,2212308.0,87.19202522183737,3.901666666666667,1.7437891354203419,8.899739430676124,14.609547324454157
GBR,United Kingdom,Europe & Central Asia,High income,81.29377235772357,42594.35090464767,3.7999999999999994,9.82639853,100.0,91.21106267511736,82.44905485391693,4.101,66293000.0,99.99999916522408,1.684,1.9436173822664966,10.65950039260823,18.009594883972788
GEO,Georgia,Europe & Central Asia,Upper middle income,73.86166666666666,4654.69664703293,8.333333333333334,7.92318757,99.96666666666665,63.756708785127806,58.31130336162253,12.723666666666666,3724904.6666666665,96.48596521931417,2.0833333333333335,5.534219431721593,8.44584683416005,15.130552085090342
GHA,Ghana,Sub-Saharan Africa ,Lower middle income,64.14066666666666,2131.4221711341834,34.13333333333333,2.7907954066666663,80.96666666666667,34.319133683333334,55.214082485140636,3.2133333333333334,30634961.333333332,83.73455177459654,3.6526666666666667,6.945582452065866,7.665013782162508,17.23765247461064
GIB,Gibraltar,Europe & Central Asia,High income,83.02300000000001,,,,100.0,,100.0,,34864.333333333336,100.0,1.921,,,10.459248300295865
GIN,Guinea,Sub-Saharan Africa ,Lower middle income,59.04566666666667,932.7379007107153,68.03333333333333,3.9141065266666666,40.86666666666667,21.473507637685433,35.85544204711917,4.904333333333334,12708259.666666666,66.89932969095103,4.679333333333333,7.4251372463338035,6.839195778623546,16.357762786174604
GMB,"Gambia, The",Sub-Saharan Africa ,Low income,64.05633333333334,692.3097334148097,39.43333333333334,3.2282847533333334,59.53333333333333,27.314299899999998,61.05983681388491,4.544333333333333,2399555.0,83.79971291987553,4.454666666666667,6.093184913936693,6.541476845103912,14.690794278203564
GNB,Guinea-Bissau,Sub-Saharan Africa ,Low income,61.65366666666667,800.9549346235223,50.13333333333333,7.14272197,28.433333333333334,16.14049975,43.44501495361326,2.876333333333333,1922312.0,61.05225030283304,4.247,4.584209582232037,6.687052415045237,14.469039706450229
GNQ,Equatorial Guinea,Sub-Saharan Africa ,Upper middle income,61.89766666666666,7571.908245211357,57.333333333333336,3.020950956666667,66.5,34.924566903333336,69.83626874488176,7.859333333333333,1616331.6666666667,64.6658128879178,4.5136666666666665,-5.795292650382353,8.932332452998082,14.295670354963118
GRC,Greece,Europe & Central Asia,High income,81.57154471544716,19280.251579034433,3.5666666666666664,8.101047196666666,100.0,72.60085024651313,78.042469997672,19.212333333333333,10736381.0,99.99999813210407,1.3466666666666667,1.93832581976523,9.866888481982611,16.18914871878266
GRD,Grenada,Latin America & Caribbean ,Upper middle income,74.96833333333333,10099.08026891254,16.566666666666666,4.724214713333333,92.5,59.97913233333333,36.07467278403383,,115703.33333333333,95.6286504435547,1.5033333333333332,3.158875934001079,9.220298650214854,11.658793365663936
GRL,Greenland,Europe & Central Asia,High income,71.34219512195119,52873.3629716029,,,100.0,69.4824617821988,86.71281433105467,,56140.0,100.0,2.088,1.169323726469267,10.87567386845762,10.93562166236856
GTM,Guatemala,Latin America & Caribbean ,Upper middle income,71.57266666666666,4396.64733919335,20.866666666666667,6.1388993266666665,94.3,41.267017122834,53.944553781447034,2.312666666666667,16838948.333333332,91.86587375029005,2.731,3.50154093720124,8.388824981267788,16.63920517369982
GUM,Guam,East Asia & Pacific,High income,76.55633333333333,37749.96711330907,,,100.0,80.5054655600831,94.07985973275588,5.424333333333333,162659.0,99.51916538252419,3.007,0.8618233458820189,10.538766373244616,11.999417411720767
GUY,Guyana,Latin America & Caribbean ,High income,68.813,6210.958816659867,27.933333333333334,4.709117573333333,90.83333333333333,48.8622996,26.419208958555732,13.421666666666667,789233.3333333334,94.45492797507497,2.5556666666666668,4.509414821943053,8.734231554603953,13.578818556154593
HKG,"Hong Kong SAR, China",East Asia & Pacific,High income,84.90707317073173,47685.665958462334,,,100.0,90.55558012244784,100.0,2.9486666666666665,7451233.333333333,99.95424699398443,1.0906666666666667,1.6568633131211465,10.772407098143063,15.823890258958563
HND,Honduras,Latin America & Caribbean ,Lower middle income,71.97666666666667,2459.992504964703,15.4,7.19268719,89.73333333333333,35.7214018247688,55.884048714864264,5.624666666666666,9765660.0,93.58353901612647,2.639666666666667,3.7491810086981197,7.808320004862121,16.09438281073421
HRV,Croatia,Europe & Central Asia,High income,77.9569105691057,14975.280481779866,4.066666666666666,6.709549426666666,100.0,73.82353390077633,56.09913559730517,8.650333333333334,3993190.6666666665,99.90145910185338,1.4533333333333331,3.09920233648352,9.61422292729332,15.200101385561199
HTI,Haiti,Latin America & Caribbean ,Lower middle income,64.079,1414.5973278204965,45.96666666666667,4.015840373333333,44.36666666666667,31.812575670018564,51.3722958286385,13.987,10961759.666666666,69.145127413514,2.923666666666667,0.8183284339670301,7.25530686080387,16.20992347135101
HUN,Hungary,Europe & Central Asia,High income,76.06747967479673,16118.027907411466,3.5666666666666664,6.511589053333334,100.0,77.73220045391555,70.4606526692708,3.744666666666667,9709514.666666666,99.20933375016132,1.57,4.935835661032047,9.687755710731835,16.088616959174512
IDN,Indonesia,East Asia & Pacific,Upper middle income,70.12733333333334,3922.261784752033,19.3,2.8834597266666666,98.46666666666665,39.97703128936723,55.095996856689474,3.92,269929295.0,88.40614781734496,2.2256666666666667,5.087788373787407,8.274678674738198,19.41367061600292
IMN,Isle of Man,Europe & Central Asia,High income,80.62,86667.560023841,,,100.0,,52.16467359521417,,83790.33333333333,99.33816451612904,1.6386666666666667,1.7686778191867507,11.36984646751986,11.336084860278593
IND,India,South Asia,Lower middle income,70.40966666666667,1985.9292905037667,31.333333333333332,2.9158227433333335,94.46666666666665,22.601600412646135,33.498175348309466,7.262666666666667,1374448925.3333333,91.76167197205375,2.1656666666666666,5.706890568227469,7.594345655861128,21.04131870688235
IRL,Ireland,Europe & Central Asia,High income,82.35447154471547,78264.3953190069,3.0,6.760966616666667,100.0,86.03806747326439,63.0872236384046,5.801333333333333,4900641.0,96.99386276637922,1.7299999999999998,7.5901323395463365,11.267860834341406,15.404876774906594
IRN,"Iran, Islamic Rep.","Middle East, North Africa, Afghanistan & Pakistan",Upper middle income,76.62400000000001,4927.145894134987,12.566666666666668,6.862665653333333,99.96666666666665,68.89848113099804,74.80283355712886,11.722333333333333,86065466.66666667,97.14788229411293,1.9026666666666667,-1.0275136192929466,8.502718109916161,18.270618816550474
IRQ,Iraq,"Middle East, North Africa, Afghanistan & Pakistan",Upper middle income,70.71633333333334,5359.27694252944,24.3,4.124227523333333,99.93333333333334,34.741215757052636,69.87976851474457,13.524666666666667,40265049.333333336,96.90083225071699,3.5556666666666668,2.1092970729370832,8.586770921112441,17.510994413262743
ISL,Iceland,Europe & Central Asia,High income,82.8951219512195,72635.51752348304,2.066666666666667,8.46748257,100.0,98.92369878262502,93.86721655839034,2.9843333333333333,352228.0,99.9999979404746,1.72,3.0946832257494,11.193223070543933,12.77203681123431
ISR,Israel,"Middle East, North Africa, Afghanistan & Pakistan",High income,82.71951219512196,42458.16745345493,2.9333333333333336,7.204805529999999,100.0,84.03407272225067,91.64370843615858,3.9293333333333336,8883366.666666666,99.99999974501156,3.07,3.992144115814819,10.656298127280154,15.999691284816121
ITA,Italy,Europe & Central Asia,High income,83.26341463414637,33906.41360105563,2.6999999999999997,8.653549193333333,100.0,68.43841340313163,69.5010276169957,10.544333333333334,59869518.0,99.9170340740928,1.3066666666666666,0.9531697330218224,10.43138895975593,17.907678068795434
JAM,Jamaica,Latin America & Caribbean ,Upper middle income,71.67233333333333,5871.009334110923,17.2,6.931023280000001,98.16666666666667,64.70920037090598,56.30281116155437,5.952000000000001,2819710.6666666665,89.55508372711768,1.406,2.2061032573507764,8.677952159889635,14.852145191823947
JOR,Jordan,"Middle East, North Africa, Afghanistan & Pakistan",Upper middle income,76.47566666666667,4513.705370809789,14.0,7.054977736666667,99.93333333333334,66.59490051333334,91.1977711246409,17.726,10456141.0,99.11235577028789,2.924,2.072622734266813,8.415095208087246,16.162700114913182
JPN,Japan,East Asia & Pacific,High income,84.22235772357723,40583.402390989366,1.8666666666666665,10.7887125,100.0,91.06776531379774,91.63466487312394,2.546666666666667,126805333.33333333,99.00854847874261,1.4033333333333333,0.7163658490922454,10.61113909421288,18.658163667957396
KAZ,Kazakhstan,Europe & Central Asia,Upper middle income,73.341,9290.89852925626,8.233333333333333,2.9415022533333333,100.0,79.06942925501797,58.260232064669275,4.8500000000000005,18931404.333333332,96.30586087836377,2.8266666666666667,4.23333333219694,9.136898173604271,16.756332758852228
KEN,Kenya,Sub-Saharan Africa ,Lower middle income,62.82966666666667,1821.4484387157365,37.56666666666667,4.151251873333333,62.23333333333333,19.998624703939033,31.373975296934432,4.28,50202566.666666664,60.659923057707694,3.526,4.866687812805804,7.507936171968602,17.731576732092286
KGZ,Kyrgyz Republic,Europe & Central Asia,Lower middle income,71.39999999999999,1308.9700156178467,16.666666666666668,5.150263626666667,99.96666666666665,59.23510055666666,34.9398336234783,4.811333333333334,6446995.333333333,91.42685594336787,3.1999999999999997,4.366157672142157,7.177759527091905,15.679124895552613
KHM,Cambodia,East Asia & Pacific,Lower middle income,69.98733333333332,2029.6349158033934,21.266666666666666,4.60814031,84.60000000000001,50.068718922765534,37.41208275616677,0.12966666666666668,16276399.333333334,76.3518146923307,2.7226666666666666,8.262737684496553,7.6161037895402295,16.605226784344193
KIR,Kiribati,East Asia & Pacific,Lower middle income,65.82000000000001,1840.04437374966,43.1,10.24906222,87.5,33.36300023333334,54.586181585447896,,122093.33333333333,74.91131851414646,3.3156666666666665,3.4826391762042603,7.518088284011403,11.712549248975407
KNA,St. Kitts and Nevis,Latin America & Caribbean ,High income,71.38666666666667,22987.2879756149,16.2,5.12077252,100.0,68.60806528666667,31.363289696442735,,47003.333333333336,98.6118541324065,1.5883333333333336,1.7209044086244252,10.042740146764014,10.757995075023729
KOR,"Korea, Rep.",East Asia & Pacific,High income,82.8268292682927,34162.6265656493,2.6333333333333333,7.211488723333333,100.0,95.74995354670936,81.38116302902183,3.7409999999999997,51570597.0,99.62280745677073,0.9823333333333334,2.974369850566674,10.4389168063673,17.758462261848994
KWT,Kuwait,"Middle East, North Africa, Afghanistan & Pakistan",High income,80.66406504065041,30941.1632445381,7.633333333333333,5.00243012,100.0,99.04717179235537,100.0,2.215,4306881.0,100.0,2.1199999999999997,0.09830827043947998,10.339875039088835,15.275724766400662
LAO,Lao PDR,East Asia & Pacific,Lower middle income,67.61666666666666,2522.28631573966,34.833333333333336,2.4584969666666665,94.96666666666665,36.27133369333333,35.207943245189334,2.8986666666666667,7127942.666666667,82.21722170583037,2.6376666666666666,6.199408657580807,7.833317424461514,15.779533344996427
LBN,Lebanon,"Middle East, North Africa, Afghanistan & Pakistan",Lower middle income,78.221,8896.209188948611,12.200000000000001,8.186410586666666,99.86666666666667,80.18733469666667,89.27447694316027,10.771333333333333,5979613.666666667,92.38988632500666,2.3486666666666665,-2.632200673584319,9.0934929322701,15.603866686838398
LBR,Liberia,Sub-Saharan Africa ,Low income,61.00266666666667,683.2121345425684,63.46666666666667,9.57647101,23.366666666666664,17.824499766666666,52.325199589881834,3.0653333333333332,4945790.666666667,74.83409399005353,4.329666666666667,0.38181113562302665,6.528268007759763,15.414047604596632
LBY,Libya,"Middle East, North Africa, Afghanistan & Pakistan",Upper middle income,72.93766666666666,10375.204246408934,9.5,5.030357203333334,68.7,55.46803283666666,87.819056261107,19.001666666666665,6846286.0,94.71689638083053,2.5820000000000003,9.745695717946866,9.247270410306102,15.739217019483942
LCA,St. Lucia,Latin America & Caribbean ,Upper middle income,72.47533333333332,11580.068419409132,16.7,4.33971612,99.96666666666665,60.117733003333335,22.985847309274863,18.026,177006.66666666666,96.43009281642321,1.436,1.7457457665489233,9.357127011068586,12.083948325118861
LIE,Liechtenstein,Europe & Central Asia,High income,83.649593495935,170814.56889580534,,5.670467696666667,100.0,96.346351625,14.559344924605734,,38257.0,100.0,1.5,,12.04833970896819,10.5521079677126
LKA,Sri Lanka,South Asia,Upper middle income,76.474,4279.798989566937,6.466666666666666,3.55800597,98.96666666666665,28.477533976666667,19.323170096021734,4.344666666666666,21642000.0,88.7144334290647,2.033,2.8500938796781488,8.361894950958694,16.89014647532018
LSO,Lesotho,Sub-Saharan Africa ,Lower middle income,54.586999999999996,1107.3598324262566,65.56666666666666,14.526556649999998,41.76666666666667,40.700577603091,37.56718319964184,16.623,2183372.6666666665,74.56469005709828,3.015,-2.0122673088897236,7.010636573092051,14.596381792055139
LTU,Lithuania,Europe & Central Asia,High income,75.8146341463415,18552.058985320633,3.5,6.619472186666667,100.0,79.6399025523026,67.16450161356471,6.491666666666667,2824309.3333333335,98.06878548733037,1.51,4.73598757983357,9.828389959309305,14.853774762964639
LUX,Luxembourg,Europe & Central Asia,High income,82.3430894308943,113272.20748360234,2.066666666666667,5.291769506666667,100.0,97.18163157442537,92.67543499179557,5.5680000000000005,608095.6666666666,99.99999729696367,1.3699999999999999,1.8925797514357365,11.63755794494403,13.318089139538609
LVA,Latvia,Europe & Central Asia,High income,74.93333333333334,16559.8806787859,3.5666666666666664,6.48617681,100.0,83.27556943675417,68.01768164578716,7.479666666666667,1927748.0,98.55881225887016,1.6333333333333335,2.794678120356189,9.714798607611291,14.47186355895561
MAC,"Macao SAR, China",East Asia & Pacific,High income,83.71138211382113,81013.99052332867,,,100.0,84.47870146141209,100.0,1.838,659766.6666666666,100.0,0.945,4.60560645004603,11.302389484720814,13.399643031826932
MAF,St. Martin (French part),Latin America & Caribbean ,High income,79.623,19033.0649634889,,,100.0,,100.0,,35705.333333333336,99.9517383566266,2.7243333333333335,-3.1666648907856767,9.853985545649943,10.483083356328502
MAR,Morocco,"Middle East, North Africa, Afghanistan & Pakistan",Lower middle income,73.933,3435.440755208337,18.533333333333335,4.98492384,99.23333333333333,70.2288134171572,61.5629110006307,9.227666666666666,35832350.0,85.60465228895781,2.3569999999999998,3.6715047511215935,8.142191550549335,17.394361702534624
MCO,Monaco,Europe & Central Asia,High income,86.03766666666667,184236.19654541765,2.6333333333333333,4.02966706,100.0,97.5265007,100.0,,37980.333333333336,100.0,2.4353333333333333,3.2042024978503636,12.12397931805996,10.544850089946312
MDA,Moldova,Europe & Central Asia,Upper middle income,70.264,4005.0170927969834,14.066666666666668,6.777343906666666,100.0,72.54519907666666,40.357251485188804,1.4543333333333335,2708872.0,90.1213066762615,1.8,3.934507200753577,8.295552783015708,14.812043239200484
MDG,Madagascar,Sub-Saharan Africa ,Low income,63.476,497.3809572902076,43.9,4.0417188033333336,30.53333333333333,7.844400087666667,29.9646142666821,2.3016666666666667,27500951.666666668,50.639106254123,4.242,3.846298747055933,6.211364759059137,17.129731204461006
MDV,Maldives,South Asia,Upper middle income,79.456,11224.395017164468,6.900000000000001,7.981967293333334,99.93333333333334,71.12053426,39.68982970419537,4.967,473039.0,99.43928350319403,1.716,7.522148035376147,9.325933902829977,13.066935230494712
MEX,Mexico,Latin America & Caribbean ,Upper middle income,74.36399999999999,10034.542427894987,14.033333333333333,5.283784706666666,99.7,59.77448822658266,78.03459972843183,3.390333333333333,124578916.66666667,98.19398234561119,2.030333333333333,1.1503733814013228,9.213888313371488,18.640449949894666
MHL,Marshall Islands,East Asia & Pacific,Upper middle income,65.86333333333333,4914.43174061919,27.0,13.827389716666667,95.3,44.11373265333334,76.58541653056078,,45273.666666666664,87.74562943273644,3.0380000000000003,6.499148700886173,8.50013487015155,10.72050292030964
MKD,North Macedonia,Europe & Central Asia,Upper middle income,76.4016260162602,6462.714968896523,7.3999999999999995,6.6542097700000005,99.93333333333334,78.36582070923963,60.176829449154035,20.493,1887990.0,97.88978631247586,1.3966666666666665,2.6242629953922765,8.773959504070376,14.45102385872707
MLI,Mali,Sub-Saharan Africa ,Low income,58.88399999999999,964.128714155759,59.73333333333333,3.745402176666667,44.53333333333333,21.75343323,27.70555348528977,2.136,20441148.666666668,77.91973547778743,6.087000000000001,5.081132270943026,6.872261474989153,16.833060567641063
MLT,Malta,"Middle East, North Africa, Afghanistan & Pakistan",High income,82.36747967479677,32040.483568403037,5.5,8.43972683,100.0,82.81618391629966,94.74220707055547,4.014666666666667,484973.6666666667,99.9999986119657,1.21,8.081870838459324,10.37478670374337,13.091851934878418
MMR,Myanmar,East Asia & Pacific,Lower middle income,66.19933333333334,1332.3416878776368,39.766666666666666,4.34724617,68.06666666666666,29.84686076675567,29.9923301718653,0.8433333333333334,52269299.333333336,79.59707577707746,2.228666666666667,6.328026841989313,7.195443617322515,17.7719197649736
MNE,Montenegro,Europe & Central Asia,Upper middle income,77.08455284552844,8365.712215055746,2.8000000000000003,8.218647163333333,100.0,72.0886995917653,65.08444225075374,15.466666666666667,626391.0,98.72955671484401,1.8,4.114507279972557,9.032016280467515,13.347731652185093
MNG,Mongolia,East Asia & Pacific,Upper middle income,70.80788617886176,4033.71869170964,13.5,4.456338246666667,96.86666666666667,40.64143204250063,67.87404425362003,6.919999999999999,3208259.6666666665,81.48080072623178,2.9,6.328000409279693,8.302691861225286,14.981239499862863
MNP,Northern Mariana Islands,East Asia & Pacific,High income,77.608,27410.544348776068,,,100.0,,91.5442524729317,,49055.0,99.86295273087849,2.654666666666667,-2.5913651819829666,10.2187195302407,10.80071778167154
MOZ,Mozambique,Sub-Saharan Africa ,Low income,60.748,502.5127914078937,50.300000000000004,7.895476500000001,28.366666666666664,10.3918752593043,33.011807069441595,4.202333333333333,29023139.0,54.25015059359614,5.0713333333333335,2.8136511151830503,6.221609116816837,17.183604000807506
MRT,Mauritania,Sub-Saharan Africa ,Lower middle income,67.38233333333334,1702.79494015674,35.800000000000004,3.131622316666667,43.800000000000004,23.027332939999997,55.1290580427077,10.387666666666666,4338664.333333333,68.61828057675841,5.044666666666667,4.7279080751378935,7.440613359864185,15.28307733189878
MUS,Mauritius,Sub-Saharan Africa ,Upper middle income,74.3889430894309,11457.901603736702,13.666666666666666,5.632252216666667,99.8,58.576455049966434,39.34945823540343,6.503,1265483.0,99.78103245196543,1.43,3.645020130338303,9.346522139578926,14.050965215663368
MWI,Malawi,Sub-Saharan Africa ,Low income,64.45766666666667,536.620463439657,38.266666666666666,6.945701916666667,13.966666666666667,8.952300073,16.0413171680174,5.0103333333333335,18531182.666666668,68.31441671760797,4.028666666666667,4.690129969675733,6.2871528529183935,16.7349654746168
MYS,Malaysia,East Asia & Pacific,Upper middle income,75.72533333333332,10561.513941845484,6.766666666666667,3.77135881,100.0,81.84289087878052,74.54557131002566,3.3466666666666662,32902402.333333332,97.61258262507772,1.836,5.022998935825984,9.265066591602592,17.309056262712996
NAM,Namibia,Sub-Saharan Africa ,Lower middle income,62.595333333333336,5061.496629733637,43.633333333333326,8.731008529999999,52.699999999999996,43.14466730666667,47.41294739447719,20.518,2578224.6666666665,84.14697695189004,3.459,-0.26882025112630903,8.529615045682945,14.762611994207536
NCL,New Caledonia,East Asia & Pacific,High income,77.441,33556.314348286796,,,100.0,82.0058408035186,67.06156255862003,11.419333333333334,283564.3333333333,98.83861574017594,2.0446666666666666,-0.499999997533292,10.42101013200012,12.555197828274702
NER,Niger,Sub-Saharan Africa ,Low income,59.77333333333333,549.3742584068676,69.3,5.515208406666667,17.900000000000002,10.750537146218699,16.6539154900989,0.541,22190424.0,49.36405161027023,6.705666666666667,6.1684616036505,6.310598516642564,16.915171447496885
NGA,Nigeria,Sub-Saharan Africa ,Lower middle income,52.69166666666666,2374.6775272065565,68.7,3.27459637,55.43333333333334,27.78856659,58.15502931716287,5.035,204892991.66666666,72.97965553282746,5.021333333333334,1.6456910798138902,7.7730379503989635,19.137998413828175
NIC,Nicaragua,Latin America & Caribbean ,Lower middle income,73.67733333333332,2058.7999397142535,12.966666666666667,8.44242223,85.16666666666667,34.44126574333333,58.36606991720996,4.652333333333334,6399989.333333333,,2.348666666666667,-0.5430063171147399,7.630364140423934,15.671807037912092
NLD,Netherlands,Europe & Central Asia,High income,81.89512195121951,52341.2198287375,3.5,9.908042589999999,100.0,92.79258713582779,92.53934006447082,4.016,17235931.333333332,99.99999944377443,1.5933333333333335,2.4468005112717766,10.865558586891654,16.662506851818616
NOR,Norway,Europe & Central Asia,High income,82.77560975609761,81226.53343033533,2.033333333333333,10.20943006,100.0,96.94975455638091,82.23625843974597,3.8830000000000005,5312260.0,99.99999911737275,1.57,1.7499145996112297,11.305009550328954,15.485528102967514
NPL,Nepal,South Asia,Lower middle income,69.02499999999999,1138.8750426787867,28.333333333333332,4.565147083333334,90.13333333333333,28.74553388,65.79156955982974,10.576666666666666,28168337.0,90.40126005739067,2.1243333333333334,7.752236963839557,7.038673923695467,17.153709139177014
NRU,Naoero,East Asia & Pacific,High income,61.244,10624.16554443908,12.233333333333334,11.380119326666668,99.89999999999999,68.56150055,100.0,,11462.666666666666,98.01797203645508,3.6976666666666667,0.45011485689452674,9.27098057432433,9.346937892555852
NZL,New Zealand,East Asia & Pacific,High income,81.8739837398374,42996.18411234824,4.466666666666667,8.602204956666666,100.0,88.85456594,83.92561770921183,4.3933333333333335,4894833.333333333,99.99999552885659,1.7466666666666668,2.9871999886041967,10.66888990677207,15.40369098931546
OMN,Oman,"Middle East, North Africa, Afghanistan & Pakistan",High income,79.85266666666666,18967.338053471733,8.799999999999999,3.65845712,100.0,85.31499989666666,78.95260391021247,2.122666666666667,4575504.666666667,91.5087503779655,2.8096666666666668,0.15417448802491632,9.850526449890925,15.336227778817115
PAK,Pakistan,"Middle East, North Africa, Afghanistan & Pakistan",Lower middle income,66.47766666666666,1492.9965504078266,58.06666666666666,2.8207066066666666,93.33333333333333,15.396967199972002,36.7640563836509,4.039000000000001,227001252.66666666,90.0754663467513,3.855,4.3606551490895304,7.309210056726125,19.24046609819107
PAN,Panama,Latin America & Caribbean ,High income,78.22699999999999,16107.9545739486,12.933333333333332,7.633891266666667,93.8,61.794858999086735,65.70689505281574,5.585,4167089.0,93.82349868049447,2.384,4.25508531769377,9.687130581076465,15.24272850844349
PER,Peru,Latin America & Caribbean ,Upper middle income,76.08366666666667,6917.222063222393,12.799999999999999,5.005987803333333,95.2,55.15175001134486,82.66065278501429,3.5206666666666666,31890508.0,92.18525897178172,2.1186666666666665,2.9096061841489465,8.841914088320246,17.2778189999752
PHL,Philippines,East Asia & Pacific,Upper middle income,69.80233333333332,3202.4737044536328,22.46666666666667,4.026902199999999,94.16666666666667,42.90886960267596,53.175241325570504,2.375666666666667,109463221.0,93.47969719367723,2.372666666666667,6.463666519862653,8.071991032665064,18.51109917865703
PLW,Palau,East Asia & Pacific,High income,68.99666666666667,16100.6704606856,19.633333333333333,11.42311541,100.0,,79.55364205813562,,17808.0,99.502788417287,1.9909999999999999,-1.17945773910555,9.68667830091243,9.787459226476006
PNG,Papua New Guinea,East Asia & Pacific,Lower middle income,65.12266666666666,2539.9687962058565,37.266666666666666,2.28518915,19.8,12.397099816666667,13.721787762033232,2.6270000000000002,9394079.0,47.218453900482196,3.3786666666666663,2.578624367323486,7.840300703121133,16.055590261606906
POL,Poland,Europe & Central Asia,High income,77.7536585365854,15148.691386276934,3.9,6.392381033333334,100.0,77.98766912041704,60.053945751468,3.9896666666666665,37971683.666666664,93.33189278833943,1.46,5.326258126071753,9.625735440187256,17.452351299584723
PRI,Puerto Rico (US),Latin America & Caribbean ,High income,80.53133333333334,30946.308727767533,,,100.0,72.44453741799744,93.90229423901667,9.433333333333334,3334739.3333333335,99.86276696291564,1.0393333333333332,-1.8570605402093567,10.340041318847808,15.019905373231065
PRK,"Korea, Dem. People's Rep.",East Asia & Pacific,Low income,72.994,,14.833333333333334,,46.300000000000004,,62.08581408368676,3.4486666666666665,25928829.333333332,94.16745888018579,1.8356666666666666,,,17.070866047871636
PRT,Portugal,Europe & Central Asia,High income,81.4747967479675,22775.629093806736,2.8666666666666667,9.418862026666666,100.0,74.5995200137316,61.12263562291247,7.422,10290128.333333334,99.20868020601426,1.4133333333333333,3.0022292809126134,10.033490249484693,16.146695676568303
PRY,Paraguay,Latin America & Caribbean ,Upper middle income,73.58166666666666,6077.299675757647,17.566666666666666,6.838273683333333,99.53333333333335,64.86230922246057,63.954022545535196,6.316666666666666,6427033.333333333,96.99590918979023,2.5589999999999997,2.53749136520893,8.712480277255963,15.676023766385729
PSE,West Bank and Gaza,"Middle East, North Africa, Afghanistan & Pakistan",Lower middle income,75.469,3613.1832337440137,14.1,9.32143275,99.96666666666665,66.1075255505419,85.57565202028427,25.757666666666665,4569732.666666667,99.13670428075596,3.6786666666666665,1.3363774687851733,8.192621170958232,15.334965482543383
PYF,French Polynesia,East Asia & Pacific,High income,82.98466666666667,21445.045499278433,,,100.0,72.7038953132942,61.78697029090764,11.594999999999999,279645.3333333333,100.0,1.627,2.92965839850676,9.973295548351954,12.541280988536146
QAT,Qatar,"Middle East, North Africa, Afghanistan & Pakistan",High income,82.70566666666666,67053.66870045343,5.633333333333333,3.1196067333333333,100.0,98.8981675000576,99.07525022334296,0.11666666666666668,2588403.6666666665,99.96438718388049,1.7736666666666665,0.14183615140831396,11.113263516419293,14.766552285079195
ROU,Romania,Europe & Central Asia,High income,75.3918699186992,12017.908973341999,6.099999999999999,5.467526913333334,99.93333333333334,69.36201195470723,53.134206334525864,4.342,19478111.0,99.99999895499992,1.7700000000000002,5.85009671108178,9.394236436360751,16.78480193156376
RUS,Russian Federation,Europe & Central Asia,High income,72.73252032520327,11106.167317708334,5.133333333333333,5.454199793333333,99.93333333333334,79.83834075789089,74.5422051406736,4.874,145381552.33333334,96.72131534643067,1.5679999999999998,2.2770406032594335,9.315345883221148,18.79487224660623
RWA,Rwanda,Sub-Saharan Africa ,Low income,66.395,782.3864421840684,32.2,5.249393780000001,39.56666666666667,19.241533023333332,21.586901322584566,11.290000000000001,12488719.666666666,57.901480774657834,4.038666666666667,7.353636939424149,6.663626114704732,16.34033644824604
SAU,Saudi Arabia,"Middle East, North Africa, Afghanistan & Pakistan",High income,78.59466666666667,27618.716664399468,6.033333333333334,5.613107203333333,99.96666666666665,94.40344568493568,83.47033248339157,5.851666666666667,30412478.333333332,99.0502525099585,2.61,2.0202157350386267,10.226285168561624,17.23036358652854
SDN,Sudan,Sub-Saharan Africa ,Low income,65.48333333333333,802.5028076171876,44.63333333333333,4.993026096666667,55.300000000000004,18.60000038,34.380681790259835,12.347999999999999,44164359.0,59.15371318690166,4.686333333333334,-1.3833084367781234,6.688980679405672,17.6034286869435
SEN,Senegal,Sub-Saharan Africa ,Lower middle income,67.36866666666667,1412.83582895997,35.6,4.363574983333334,66.03333333333335,36.10759989666666,48.92611210623383,3.4646666666666666,15914140.666666666,81.16452499939474,4.294333333333333,6.076785105802316,7.254061735727222,16.582718684894992
SGP,Singapore,East Asia & Pacific,High income,83.32926829268293,64845.88514595566,2.033333333333333,4.280002913333333,100.0,87.18905220190943,100.0,3.6376666666666666,5651499.333333333,100.0,1.1466666666666665,2.89072722181561,11.079784156917256,15.547431613594313
SLB,Solomon Islands,East Asia & Pacific,Lower middle income,69.813,2215.1449001861333,19.066666666666666,4.155750986666667,66.03333333333333,19.49886672,26.317614331888702,0.7316666666666666,707640.0,71.81073039044144,3.9299999999999997,2.5235222181986567,7.703524433900099,13.46969218192948
SLE,Sierra Leone,Sub-Saharan Africa ,Low income,58.80433333333334,822.93768853561,66.33333333333333,5.669959863333333,24.066666666666666,13.144366899,42.204538409576735,3.3506666666666667,7555284.333333333,61.074706003746364,4.291666666666667,3.868142221103033,6.714094906340871,15.837757920458706
SLV,El Salvador,Latin America & Caribbean ,Upper middle income,71.372,4174.596546266347,11.066666666666668,8.518027306666665,97.06666666666666,42.70397407074713,71.7527618408203,4.187,6218552.666666667,88.63955564889416,1.861,2.3658449652594733,8.337012512411075,15.64304790820138
SMR,San Marino,Europe & Central Asia,High income,85.09500000000001,46589.920163865834,1.5666666666666667,8.228529296666666,100.0,64.016500475,97.0999984741211,,34336.666666666664,99.99999731093283,1.0756666666666668,1.272618242293238,10.749160954859763,10.443998184171631
SOM,"Somalia, Fed. Rep.",Sub-Saharan Africa ,Low income,54.73533333333334,520.1306807779847,85.53333333333335,2.4527953466666665,50.666666666666664,2.731400013,50.3189005357454,18.660999999999998,15466695.666666666,60.86622561182546,6.6626666666666665,6.53014793408677,6.256000837130722,16.554199668181667
SRB,Serbia,Europe & Central Asia,Upper middle income,75.78861788617887,7287.843727384269,4.933333333333334,8.123991966666667,99.93333333333334,73.70277276781944,60.837931315104164,12.201666666666668,6982899.0,94.32510685381116,1.5,3.920987139651837,8.894100201638633,15.758974861233009
SSD,South Sudan,Sub-Saharan Africa ,Low income,48.461666666666666,,115.43333333333334,14.291439373333333,5.766666666666667,5.190333398333333,19.626879011810868,12.830666666666668,10268505.0,40.017552790773664,4.3709999999999996,,,16.144592099073357
STP,Sao Tome and Principe,Sub-Saharan Africa ,Lower middle income,67.573,1772.2292257760466,12.066666666666668,6.288901646666666,73.46666666666665,38.289367676666664,67.78262583414714,8.785,210183.0,76.27360517828147,3.9819999999999998,3.5018081555877765,7.480557584675094,12.255738616544994
SUR,Suriname,Latin America & Caribbean ,Upper middle income,71.496,6448.310280915056,17.566666666666666,6.770688853333333,97.3,55.36026763666666,66.07033399351194,7.825666666666667,599664.6666666666,97.09299609630978,2.3863333333333334,2.560632894125533,8.771728470880593,13.304127556670062
SVK,Slovak Republic,Europe & Central Asia,High income,77.36585365853661,18874.9868477219,5.0,6.760564169999999,100.0,81.64275016735127,53.48913579457193,6.815666666666666,5446716.666666667,99.78779663101206,1.5433333333333332,3.07091739789857,9.845645856073515,15.510523722209276
SVN,Slovenia,Europe & Central Asia,High income,81.3121951219512,25001.7648430939,2.0,8.392273586666667,100.0,80.58125358460181,55.29626139888057,5.3726666666666665,2076222.3333333333,99.5995148962927,1.61,4.352912984310216,10.126741691459058,14.546061096158688
SWE,Sweden,Europe & Central Asia,High income,82.6926829268293,52959.222684378,2.2333333333333334,10.991026556666668,100.0,92.2488911770822,87.47331963457218,6.6386666666666665,10170599.666666666,99.70625794113813,1.75,2.0871024443463,10.877296395367495,16.13501182888304
SWZ,Eswatini,Sub-Saharan Africa ,Lower middle income,58.71033333333333,3912.9666157912397,48.800000000000004,7.566917576666666,74.83333333333333,39.54883321333333,24.069694996171297,26.412000000000003,1168999.3333333333,73.09600481053823,2.9713333333333334,3.3394060008599755,8.272306618484603,13.971659525598163
SXM,Sint Maarten (Dutch part),Latin America & Caribbean ,High income,75.60933333333334,33757.028796963,,,100.0,,100.0,,39697.666666666664,99.3111793297519,1.5246666666666666,-1.1423986852881736,10.426973558289655,10.589072880888784
SYC,Seychelles,Sub-Saharan Africa ,High income,73.7292682926829,18354.0370371973,13.5,4.382122833333333,100.0,69.47463480666666,43.74682058190123,,96743.33333333333,96.4478240873719,2.33,5.802642328073343,9.817659313754957,11.479827038978621
SYR,Syrian Arab Republic,"Middle East, North Africa, Afghanistan & Pakistan",Low income,67.99733333333333,1019.702663403752,23.166666666666668,3.940434773333333,88.26666666666667,33.23500061,74.14189956557176,13.492333333333335,19718682.333333332,93.74965125354606,2.9273333333333333,0.6302050423230596,6.9282465547954395,16.79707713682313
TCA,Turks and Caicos Islands,Latin America & Caribbean ,High income,77.59733333333334,31140.123084165734,3.6999999999999997,,100.0,,92.67877732389745,,41546.0,98.73227797043212,1.6660000000000001,28.774114000010798,10.346284510382011,10.634580595510828
TCD,Chad,Sub-Saharan Africa ,Low income,52.43833333333333,898.818090638512,66.43333333333334,3.39475743,9.799999999999999,6.975466569333332,23.861020900755268,1.1146666666666667,16154837.666666666,49.810345241825395,6.471,3.16882286937588,6.802192621382241,16.59773017060261
TGO,Togo,Sub-Saharan Africa ,Lower middle income,60.60466666666667,910.7584000055084,41.4,6.191842556666667,50.166666666666664,16.195841869763502,41.01333526938263,2.893333333333333,7467505.666666667,61.09908360894213,4.513237,4.574196177139196,6.815375042704215,15.826071721829509
THA,Thailand,East Asia & Pacific,Upper middle income,77.12533333333333,7039.521634698533,9.200000000000001,3.8374301600000003,99.86666666666667,58.787276577622,53.247395833333336,0.7703333333333333,71352845.66666667,99.22942652492723,1.3236666666666668,3.505036371947863,8.859437542244986,18.083147798311522
TJK,Tajikistan,Europe & Central Asia,Lower middle income,70.741,844.9226417210724,25.266666666666666,6.938491186666667,99.33333333333333,25.748765943333336,26.212366739908862,7.0296666666666665,9307748.333333334,83.24438772303729,3.2883333333333336,7.366666490434082,6.740427915379314,16.046357872802474
TKM,Turkmenistan,Europe & Central Asia,Upper middle income,69.289,4467.5500218303105,34.06666666666667,5.64294211,99.96666666666665,,47.04177895279087,4.035333333333333,6655509.666666667,98.40123129198928,2.8810000000000002,6.329700967539023,8.404819255081339,15.710955741152423
TLS,Timor-Leste,East Asia & Pacific,Lower middle income,66.19933333333333,1349.3360847745266,40.53333333333333,6.06629499,85.10000000000001,26.60153388666667,29.241197571095967,3.7223333333333333,1276202.3333333333,77.3236905085482,3.253,6.854655537649788,7.208108792133981,14.059400082333779
TON,Tonga,East Asia & Pacific,Upper middle income,72.17566666666666,4609.9368543506835,9.033333333333333,5.832404456666667,98.53333333333335,48.85723368666667,22.667219840223964,2.1833333333333336,105530.66666666667,98.77962344012975,3.329333333333333,1.148312353707624,8.436186337545744,11.566766344837747
TTO,Trinidad and Tobago,Latin America & Caribbean ,High income,72.82600000000001,17450.070532186633,19.53333333333333,6.707857453333333,100.0,72.78233337333334,53.93167001671597,3.4696666666666665,1359937.0,98.47335729811533,1.5866666666666667,-1.7834882137582229,9.767156274298205,14.122949668437766
TUN,Tunisia,"Middle East, North Africa, Afghanistan & Pakistan",Lower middle income,75.382,3592.0027569699564,15.0,6.0492351866666665,99.93333333333334,62.13032119950674,68.55231434885759,15.980666666666666,11763697.666666666,94.283383995053,2.1460000000000004,2.13655902647897,8.186743554430217,16.28052896345773
TUR,Turkiye,Europe & Central Asia,Upper middle income,77.40933333333334,9945.246582216396,9.733333333333333,4.2201031066666665,100.0,69.90136027135637,88.2864791716861,11.868333333333334,81433114.0,95.6597052257027,1.99,4.198544671864386,9.20495053106634,18.215292566426506
TUV,Tuvalu,East Asia & Pacific,Upper middle income,65.88766666666668,4564.28524352514,20.099999999999998,21.700857159999998,99.13333333333333,35.20000076,60.5844737906775,,10733.666666666666,98.84949852076767,3.3200000000000003,6.033739272724847,8.42623627596747,9.281233658751761
TZA,Tanzania,Sub-Saharan Africa ,Lower middle income,65.486,1024.367594401043,35.96666666666667,4.12483104,34.9,15.515000026666668,32.8249898282294,1.7936666666666667,57421642.0,55.327916079547464,4.928666666666667,6.009981987380423,6.932806455964557,17.865931845971268
UGA,Uganda,Sub-Saharan Africa ,Low income,65.76766666666667,793.1850608539527,37.43333333333333,3.93782266,38.53333333333333,9.489999770666667,27.126317246594436,3.244666666666667,41580952.0,52.96923424123333,4.866,5.291358110876773,6.677316508212948,17.54315275980441
UKR,Ukraine,Europe & Central Asia,Upper middle income,73.82733333333333,3094.4003092447933,8.5,7.353503543333333,100.0,63.85582637963023,69.31062499919754,8.831000000000001,45200802.0,93.41398830296636,1.2503333333333335,3.0159461615876135,8.037672517383285,17.626625410131382
URY,Uruguay,Latin America & Caribbean ,High income,77.54933333333334,18916.779372307003,6.5,8.95260938,99.83333333333333,78.13357701527,95.2903375330277,8.354000000000001,3393392.6666666665,99.46955803266648,1.6906666666666668,0.9445017092709787,9.847857466389168,15.037341060221186
USA,United States,North America,High income,78.65528455284554,62717.11393406909,5.566666666666666,16.565420786666664,100.0,88.40135906382962,80.2709346577954,3.973333333333333,328454804.3333333,99.66718561578807,1.733666666666667,2.6693175662687234,11.046405583367886,19.609909807530133
UZB,Uzbekistan,Europe & Central Asia,Lower middle income,71.943,2098.07485658284,15.633333333333333,4.565570353333333,100.0,58.0999993912912,50.6174151102702,5.386,32385789.666666668,95.21905647573753,2.717333333333334,5.739089603994003,7.649251982158922,17.293230324896356
VCT,St. Vincent and the Grenadines,Latin America & Caribbean ,Upper middle income,71.008,8385.588491348093,13.466666666666667,4.248602703333333,100.0,56.42543411,47.067655465257765,19.092333333333332,104918.66666666667,97.7253788518416,1.9013333333333333,1.7973805519609647,9.034389100721436,11.560950256952
VEN,"Venezuela, RB",Latin America & Caribbean ,Lower middle income,72.43666666666667,3245.4204373558237,21.2,2.301275255,99.63333333333333,49.05009842,89.06591545131538,5.467666666666666,29770337.666666668,94.03999042926006,2.155,-20.9869431643625,8.085308264442267,17.20902310903295
VGB,British Virgin Islands,Latin America & Caribbean ,High income,76.41433333333333,,13.333333333333334,,100.0,77.7042682926829,51.63946971396717,,34583.666666666664,99.86438356164392,0.9063333333333333,,,10.451165702898507
VIR,Virgin Islands (U.S.),Latin America & Caribbean ,High income,79.51869918699184,36887.269316856466,,,100.0,64.3774942980087,95.06336838253257,11.640666666666666,106983.66666666667,99.28962972045984,2.063333333333333,1.3504494193110805,10.515648874793973,11.58044080099462
VNM,Viet Nam,East Asia & Pacific,Upper middle income,74.11233333333332,3206.4400687618436,14.5,4.997003553333333,99.8,65.54983629772,33.9758441941555,1.572,96196024.0,94.76024890088263,1.936,7.254819976789876,8.073228411595618,18.38189859461591
VUT,Vanuatu,East Asia & Pacific,Lower middle income,70.63633333333333,3615.710018272913,15.166666666666666,3.27260828,62.96666666666667,,24.179961247284997,5.348,285250.3333333333,86.73465378766822,3.833,3.33847413130753,8.193320056847895,12.56112594197574
WSM,Samoa,East Asia & Pacific,Upper middle income,70.77066666666667,4297.11675459269,14.533333333333333,5.195434726666666,98.60000000000001,,18.701526809886033,8.635666666666667,207592.33333333334,94.56374073702663,4.131,1.7494980710732595,8.365932241699177,12.243336316720344
XKX,Kosovo,Europe & Central Asia,Upper middle income,77.157,4269.735819838364,10.833333333333334,,,86.66831439188351,42.86527776629566,,1792332.0,,1.5913333333333333,4.329696164540577,8.3595414145239,14.399028681146378
YEM,"Yemen, Rep.","Middle East, North Africa, Afghanistan & Pakistan",Low income,66.534,722.526586428645,39.6,9.403488476666666,71.33333333333333,17.49099922,34.22535066883543,17.805666666666667,34095837.0,64.87041470234223,4.6066666666666665,-2.159674043829483,6.58413729236065,17.344685882018773
ZAF,South Africa,Sub-Saharan Africa ,Upper middle income,65.73966666666666,6688.74144156439,25.900000000000002,8.101869583333334,84.7,62.7547671,63.373662618489504,27.469666666666665,58612016.0,91.61930745045674,2.2723333333333335,0.9915554586368134,8.808330503879795,17.886450301783004
ZMB,Zambia,Sub-Saharan Africa ,Lower middle income,62.20533333333333,1402.1173167604,37.53333333333333,5.4349439933333334,41.166666666666664,13.6572989650004,43.110285988590626,5.033,17976242.666666668,67.0040607442443,4.492333333333334,3.0005542314029205,7.246451695110121,16.70456164786595
ZWE,Zimbabwe,Sub-Saharan Africa ,Lower middle income,60.742999999999995,2633.6220942774567,54.800000000000004,4.69348343,45.36666666666667,25.329433440000003,35.4312710030514,6.837,15039434.0,67.20606784826201,3.7533333333333334,1.1372943200917132,7.8764950329586405,16.526186309290967
